education_code,period,salary_value,salary_measure,salary_unit,source,dataset,source_url
H10,2019,263.29,FORTJENESTE PR. PRÆSTERET TIME,DKK per præsteret time,Danmarks Statistik,LONS11,https://www.statistikbanken.dk/LONS11
H10,2020,268.37,FORTJENESTE PR. PRÆSTERET TIME,DKK per præsteret time,Danmarks Statistik,LONS11,https://www.statistikbanken.dk/LONS11
H10,2021,272.42,FORTJENESTE PR. PRÆSTERET TIME,DKK per præsteret time,Danmarks Statistik,LONS11,https://www.statistikbanken.dk/LONS11
H10,2022,280.74,FORTJENESTE PR. PRÆSTERET TIME,DKK per præsteret time,Danmarks Statistik,LONS11,https://www.statistikbanken.dk/LONS11
H10,2023,291.78,FORTJENESTE PR. PRÆSTERET TIME,DKK per præsteret time,Danmarks Statistik,LONS11,https://www.statistikbanken.dk/LONS11
H10,2024,304.93,FORTJENESTE PR. PRÆSTERET TIME,DKK per præsteret time,Danmarks Statistik,LONS11,https://www.statistikbanken.dk/LONS11
H1001,2019,222.77,FORTJENESTE PR. PRÆSTERET TIME,DKK per præsteret time,Danmarks Statistik,LONS11,https://www.statistikbanken.dk/LONS11
H1001,2020,231.92,FORTJENESTE PR. PRÆSTERET TIME,DKK per præsteret time,Danmarks Statistik,LONS11,https://www.statistikbanken.dk/LONS11
H1001,2021,238.93,FORTJENESTE PR. PRÆSTERET TIME,DKK per præsteret time,Danmarks Statistik,LONS11,https://www.statistikbanken.dk/LONS11
H1001,2022,246.44,FORTJENESTE PR. PRÆSTERET TIME,DKK per præsteret time,Danmarks Statistik,LONS11,https://www.statistikbanken.dk/LONS11
H1001,2023,255.69,FORTJENESTE PR. PRÆSTERET TIME,DKK per præsteret time,Danmarks Statistik,LONS11,https://www.statistikbanken.dk/LONS11
H1001,2024,269.52,FORTJENESTE PR. PRÆSTERET TIME,DKK per præsteret time,Danmarks Statistik,LONS11,https://www.statistikbanken.dk/LONS11
H1010,2019,227.27,FORTJENESTE PR. PRÆSTERET TIME,DKK per præsteret time,Danmarks Statistik,LONS11,https://www.statistikbanken.dk/LONS11
H1010,2020,233.12,FORTJENESTE PR. PRÆSTERET TIME,DKK per præsteret time,Danmarks Statistik,LONS11,https://www.statistikbanken.dk/LONS11
H1010,2021,238.47,FORTJENESTE PR. PRÆSTERET TIME,DKK per præsteret time,Danmarks Statistik,LONS11,https://www.statistikbanken.dk/LONS11
H1010,2022,247.23,FORTJENESTE PR. PRÆSTERET TIME,DKK per præsteret time,Danmarks Statistik,LONS11,https://www.statistikbanken.dk/LONS11
H1010,2023,257.03,FORTJENESTE PR. PRÆSTERET TIME,DKK per præsteret time,Danmarks Statistik,LONS11,https://www.statistikbanken.dk/LONS11
H1010,2024,269.20,FORTJENESTE PR. PRÆSTERET TIME,DKK per præsteret time,Danmarks Statistik,LONS11,https://www.statistikbanken.dk/LONS11
H1020,2019,257.88,FORTJENESTE PR. PRÆSTERET TIME,DKK per præsteret time,Danmarks Statistik,LONS11,https://www.statistikbanken.dk/LONS11
H1020,2020,263.66,FORTJENESTE PR. PRÆSTERET TIME,DKK per præsteret time,Danmarks Statistik,LONS11,https://www.statistikbanken.dk/LONS11
H1020,2021,268.46,FORTJENESTE PR. PRÆSTERET TIME,DKK per præsteret time,Danmarks Statistik,LONS11,https://www.statistikbanken.dk/LONS11
H1020,2022,277.20,FORTJENESTE PR. PRÆSTERET TIME,DKK per præsteret time,Danmarks Statistik,LONS11,https://www.statistikbanken.dk/LONS11
H1020,2023,288.38,FORTJENESTE PR. PRÆSTERET TIME,DKK per præsteret time,Danmarks Statistik,LONS11,https://www.statistikbanken.dk/LONS11
H1020,2024,301.92,FORTJENESTE PR. PRÆSTERET TIME,DKK per præsteret time,Danmarks Statistik,LONS11,https://www.statistikbanken.dk/LONS11
H1030,2019,270.18,FORTJENESTE PR. PRÆSTERET TIME,DKK per præsteret time,Danmarks Statistik,LONS11,https://www.statistikbanken.dk/LONS11
H1030,2020,274.42,FORTJENESTE PR. PRÆSTERET TIME,DKK per præsteret time,Danmarks Statistik,LONS11,https://www.statistikbanken.dk/LONS11
H1030,2021,277.86,FORTJENESTE PR. PRÆSTERET TIME,DKK per præsteret time,Danmarks Statistik,LONS11,https://www.statistikbanken.dk/LONS11
H1030,2022,286.05,FORTJENESTE PR. PRÆSTERET TIME,DKK per præsteret time,Danmarks Statistik,LONS11,https://www.statistikbanken.dk/LONS11
H1030,2023,297.07,FORTJENESTE PR. PRÆSTERET TIME,DKK per præsteret time,Danmarks Statistik,LONS11,https://www.statistikbanken.dk/LONS11
H1030,2024,309.82,FORTJENESTE PR. PRÆSTERET TIME,DKK per præsteret time,Danmarks Statistik,LONS11,https://www.statistikbanken.dk/LONS11
H20,2019,279.38,FORTJENESTE PR. PRÆSTERET TIME,DKK per præsteret time,Danmarks Statistik,LONS11,https://www.statistikbanken.dk/LONS11
H20,2020,279.04,FORTJENESTE PR. PRÆSTERET TIME,DKK per præsteret time,Danmarks Statistik,LONS11,https://www.statistikbanken.dk/LONS11
H20,2021,279.54,FORTJENESTE PR. PRÆSTERET TIME,DKK per præsteret time,Danmarks Statistik,LONS11,https://www.statistikbanken.dk/LONS11
H20,2022,286.66,FORTJENESTE PR. PRÆSTERET TIME,DKK per præsteret time,Danmarks Statistik,LONS11,https://www.statistikbanken.dk/LONS11
H20,2023,295.15,FORTJENESTE PR. PRÆSTERET TIME,DKK per præsteret time,Danmarks Statistik,LONS11,https://www.statistikbanken.dk/LONS11
H20,2024,305.83,FORTJENESTE PR. PRÆSTERET TIME,DKK per præsteret time,Danmarks Statistik,LONS11,https://www.statistikbanken.dk/LONS11
H2010,2019,274.08,FORTJENESTE PR. PRÆSTERET TIME,DKK per præsteret time,Danmarks Statistik,LONS11,https://www.statistikbanken.dk/LONS11
H2010,2020,273.03,FORTJENESTE PR. PRÆSTERET TIME,DKK per præsteret time,Danmarks Statistik,LONS11,https://www.statistikbanken.dk/LONS11
H2010,2021,272.02,FORTJENESTE PR. PRÆSTERET TIME,DKK per præsteret time,Danmarks Statistik,LONS11,https://www.statistikbanken.dk/LONS11
H2010,2022,279.65,FORTJENESTE PR. PRÆSTERET TIME,DKK per præsteret time,Danmarks Statistik,LONS11,https://www.statistikbanken.dk/LONS11
H2010,2023,287.80,FORTJENESTE PR. PRÆSTERET TIME,DKK per præsteret time,Danmarks Statistik,LONS11,https://www.statistikbanken.dk/LONS11
H2010,2024,297.76,FORTJENESTE PR. PRÆSTERET TIME,DKK per præsteret time,Danmarks Statistik,LONS11,https://www.statistikbanken.dk/LONS11
H2020,2019,302.62,FORTJENESTE PR. PRÆSTERET TIME,DKK per præsteret time,Danmarks Statistik,LONS11,https://www.statistikbanken.dk/LONS11
H2020,2020,300.69,FORTJENESTE PR. PRÆSTERET TIME,DKK per præsteret time,Danmarks Statistik,LONS11,https://www.statistikbanken.dk/LONS11
H2020,2021,303.25,FORTJENESTE PR. PRÆSTERET TIME,DKK per præsteret time,Danmarks Statistik,LONS11,https://www.statistikbanken.dk/LONS11
H2020,2022,310.04,FORTJENESTE PR. PRÆSTERET TIME,DKK per præsteret time,Danmarks Statistik,LONS11,https://www.statistikbanken.dk/LONS11
H2020,2023,319.14,FORTJENESTE PR. PRÆSTERET TIME,DKK per præsteret time,Danmarks Statistik,LONS11,https://www.statistikbanken.dk/LONS11
H2020,2024,330.67,FORTJENESTE PR. PRÆSTERET TIME,DKK per præsteret time,Danmarks Statistik,LONS11,https://www.statistikbanken.dk/LONS11
H2030,2019,239.88,FORTJENESTE PR. PRÆSTERET TIME,DKK per præsteret time,Danmarks Statistik,LONS11,https://www.statistikbanken.dk/LONS11
H2030,2020,247.32,FORTJENESTE PR. PRÆSTERET TIME,DKK per præsteret time,Danmarks Statistik,LONS11,https://www.statistikbanken.dk/LONS11
H2030,2021,252.79,FORTJENESTE PR. PRÆSTERET TIME,DKK per præsteret time,Danmarks Statistik,LONS11,https://www.statistikbanken.dk/LONS11
H2030,2022,260.31,FORTJENESTE PR. PRÆSTERET TIME,DKK per præsteret time,Danmarks Statistik,LONS11,https://www.statistikbanken.dk/LONS11
H2030,2023,270.67,FORTJENESTE PR. PRÆSTERET TIME,DKK per præsteret time,Danmarks Statistik,LONS11,https://www.statistikbanken.dk/LONS11
H2030,2024,283.64,FORTJENESTE PR. PRÆSTERET TIME,DKK per præsteret time,Danmarks Statistik,LONS11,https://www.statistikbanken.dk/LONS11
H30,2019,299.43,FORTJENESTE PR. PRÆSTERET TIME,DKK per præsteret time,Danmarks Statistik,LONS11,https://www.statistikbanken.dk/LONS11
H30,2020,305.40,FORTJENESTE PR. PRÆSTERET TIME,DKK per præsteret time,Danmarks Statistik,LONS11,https://www.statistikbanken.dk/LONS11
H30,2021,311.70,FORTJENESTE PR. PRÆSTERET TIME,DKK per præsteret time,Danmarks Statistik,LONS11,https://www.statistikbanken.dk/LONS11
H30,2022,322.77,FORTJENESTE PR. PRÆSTERET TIME,DKK per præsteret time,Danmarks Statistik,LONS11,https://www.statistikbanken.dk/LONS11
H30,2023,334.73,FORTJENESTE PR. PRÆSTERET TIME,DKK per præsteret time,Danmarks Statistik,LONS11,https://www.statistikbanken.dk/LONS11
H30,2024,350.53,FORTJENESTE PR. PRÆSTERET TIME,DKK per præsteret time,Danmarks Statistik,LONS11,https://www.statistikbanken.dk/LONS11
H3010,2019,273.52,FORTJENESTE PR. PRÆSTERET TIME,DKK per præsteret time,Danmarks Statistik,LONS11,https://www.statistikbanken.dk/LONS11
H3010,2020,284.74,FORTJENESTE PR. PRÆSTERET TIME,DKK per præsteret time,Danmarks Statistik,LONS11,https://www.statistikbanken.dk/LONS11
H3010,2021,289.88,FORTJENESTE PR. PRÆSTERET TIME,DKK per præsteret time,Danmarks Statistik,LONS11,https://www.statistikbanken.dk/LONS11
H3010,2022,302.04,FORTJENESTE PR. PRÆSTERET TIME,DKK per præsteret time,Danmarks Statistik,LONS11,https://www.statistikbanken.dk/LONS11
H3010,2023,308.51,FORTJENESTE PR. PRÆSTERET TIME,DKK per præsteret time,Danmarks Statistik,LONS11,https://www.statistikbanken.dk/LONS11
H3010,2024,325.12,FORTJENESTE PR. PRÆSTERET TIME,DKK per præsteret time,Danmarks Statistik,LONS11,https://www.statistikbanken.dk/LONS11
H3015,2019,313.50,FORTJENESTE PR. PRÆSTERET TIME,DKK per præsteret time,Danmarks Statistik,LONS11,https://www.statistikbanken.dk/LONS11
H3015,2020,318.53,FORTJENESTE PR. PRÆSTERET TIME,DKK per præsteret time,Danmarks Statistik,LONS11,https://www.statistikbanken.dk/LONS11
H3015,2021,324.20,FORTJENESTE PR. PRÆSTERET TIME,DKK per præsteret time,Danmarks Statistik,LONS11,https://www.statistikbanken.dk/LONS11
H3015,2022,334.79,FORTJENESTE PR. PRÆSTERET TIME,DKK per præsteret time,Danmarks Statistik,LONS11,https://www.statistikbanken.dk/LONS11
H3015,2023,347.15,FORTJENESTE PR. PRÆSTERET TIME,DKK per præsteret time,Danmarks Statistik,LONS11,https://www.statistikbanken.dk/LONS11
H3015,2024,363.07,FORTJENESTE PR. PRÆSTERET TIME,DKK per præsteret time,Danmarks Statistik,LONS11,https://www.statistikbanken.dk/LONS11
H3020,2019,267.38,FORTJENESTE PR. PRÆSTERET TIME,DKK per præsteret time,Danmarks Statistik,LONS11,https://www.statistikbanken.dk/LONS11
H3020,2020,273.74,FORTJENESTE PR. PRÆSTERET TIME,DKK per præsteret time,Danmarks Statistik,LONS11,https://www.statistikbanken.dk/LONS11
H3020,2021,278.78,FORTJENESTE PR. PRÆSTERET TIME,DKK per præsteret time,Danmarks Statistik,LONS11,https://www.statistikbanken.dk/LONS11
H3020,2022,290.19,FORTJENESTE PR. PRÆSTERET TIME,DKK per præsteret time,Danmarks Statistik,LONS11,https://www.statistikbanken.dk/LONS11
H3020,2023,299.12,FORTJENESTE PR. PRÆSTERET TIME,DKK per præsteret time,Danmarks Statistik,LONS11,https://www.statistikbanken.dk/LONS11
H3020,2024,313.27,FORTJENESTE PR. PRÆSTERET TIME,DKK per præsteret time,Danmarks Statistik,LONS11,https://www.statistikbanken.dk/LONS11
H3025,2019,268.93,FORTJENESTE PR. PRÆSTERET TIME,DKK per præsteret time,Danmarks Statistik,LONS11,https://www.statistikbanken.dk/LONS11
H3025,2020,274.99,FORTJENESTE PR. PRÆSTERET TIME,DKK per præsteret time,Danmarks Statistik,LONS11,https://www.statistikbanken.dk/LONS11
H3025,2021,282.63,FORTJENESTE PR. PRÆSTERET TIME,DKK per præsteret time,Danmarks Statistik,LONS11,https://www.statistikbanken.dk/LONS11
H3025,2022,293.05,FORTJENESTE PR. PRÆSTERET TIME,DKK per præsteret time,Danmarks Statistik,LONS11,https://www.statistikbanken.dk/LONS11
H3025,2023,304.51,FORTJENESTE PR. PRÆSTERET TIME,DKK per præsteret time,Danmarks Statistik,LONS11,https://www.statistikbanken.dk/LONS11
H3025,2024,319.47,FORTJENESTE PR. PRÆSTERET TIME,DKK per præsteret time,Danmarks Statistik,LONS11,https://www.statistikbanken.dk/LONS11
H3030,2019,262.18,FORTJENESTE PR. PRÆSTERET TIME,DKK per præsteret time,Danmarks Statistik,LONS11,https://www.statistikbanken.dk/LONS11
H3030,2020,268.79,FORTJENESTE PR. PRÆSTERET TIME,DKK per præsteret time,Danmarks Statistik,LONS11,https://www.statistikbanken.dk/LONS11
H3030,2021,272.91,FORTJENESTE PR. PRÆSTERET TIME,DKK per præsteret time,Danmarks Statistik,LONS11,https://www.statistikbanken.dk/LONS11
H3030,2022,284.05,FORTJENESTE PR. PRÆSTERET TIME,DKK per præsteret time,Danmarks Statistik,LONS11,https://www.statistikbanken.dk/LONS11
H3030,2023,292.36,FORTJENESTE PR. PRÆSTERET TIME,DKK per præsteret time,Danmarks Statistik,LONS11,https://www.statistikbanken.dk/LONS11
H3030,2024,303.33,FORTJENESTE PR. PRÆSTERET TIME,DKK per præsteret time,Danmarks Statistik,LONS11,https://www.statistikbanken.dk/LONS11
H3035,2019,291.59,FORTJENESTE PR. PRÆSTERET TIME,DKK per præsteret time,Danmarks Statistik,LONS11,https://www.statistikbanken.dk/LONS11
H3035,2020,298.16,FORTJENESTE PR. PRÆSTERET TIME,DKK per præsteret time,Danmarks Statistik,LONS11,https://www.statistikbanken.dk/LONS11
H3035,2021,309.40,FORTJENESTE PR. PRÆSTERET TIME,DKK per præsteret time,Danmarks Statistik,LONS11,https://www.statistikbanken.dk/LONS11
H3035,2022,321.17,FORTJENESTE PR. PRÆSTERET TIME,DKK per præsteret time,Danmarks Statistik,LONS11,https://www.statistikbanken.dk/LONS11
H3035,2023,332.89,FORTJENESTE PR. PRÆSTERET TIME,DKK per præsteret time,Danmarks Statistik,LONS11,https://www.statistikbanken.dk/LONS11
H3035,2024,346.91,FORTJENESTE PR. PRÆSTERET TIME,DKK per præsteret time,Danmarks Statistik,LONS11,https://www.statistikbanken.dk/LONS11
H3040,2019,337.60,FORTJENESTE PR. PRÆSTERET TIME,DKK per præsteret time,Danmarks Statistik,LONS11,https://www.statistikbanken.dk/LONS11
H3040,2020,342.69,FORTJENESTE PR. PRÆSTERET TIME,DKK per præsteret time,Danmarks Statistik,LONS11,https://www.statistikbanken.dk/LONS11
H3040,2021,350.30,FORTJENESTE PR. PRÆSTERET TIME,DKK per præsteret time,Danmarks Statistik,LONS11,https://www.statistikbanken.dk/LONS11
H3040,2022,364.33,FORTJENESTE PR. PRÆSTERET TIME,DKK per præsteret time,Danmarks Statistik,LONS11,https://www.statistikbanken.dk/LONS11
H3040,2023,381.03,FORTJENESTE PR. PRÆSTERET TIME,DKK per præsteret time,Danmarks Statistik,LONS11,https://www.statistikbanken.dk/LONS11
H3040,2024,402.32,FORTJENESTE PR. PRÆSTERET TIME,DKK per præsteret time,Danmarks Statistik,LONS11,https://www.statistikbanken.dk/LONS11
H3045,2019,298.39,FORTJENESTE PR. PRÆSTERET TIME,DKK per præsteret time,Danmarks Statistik,LONS11,https://www.statistikbanken.dk/LONS11
H3045,2020,302.92,FORTJENESTE PR. PRÆSTERET TIME,DKK per præsteret time,Danmarks Statistik,LONS11,https://www.statistikbanken.dk/LONS11
H3045,2021,308.26,FORTJENESTE PR. PRÆSTERET TIME,DKK per præsteret time,Danmarks Statistik,LONS11,https://www.statistikbanken.dk/LONS11
H3045,2022,318.66,FORTJENESTE PR. PRÆSTERET TIME,DKK per præsteret time,Danmarks Statistik,LONS11,https://www.statistikbanken.dk/LONS11
H3045,2023,333.00,FORTJENESTE PR. PRÆSTERET TIME,DKK per præsteret time,Danmarks Statistik,LONS11,https://www.statistikbanken.dk/LONS11
H3045,2024,349.01,FORTJENESTE PR. PRÆSTERET TIME,DKK per præsteret time,Danmarks Statistik,LONS11,https://www.statistikbanken.dk/LONS11
H3050,2019,300.36,FORTJENESTE PR. PRÆSTERET TIME,DKK per præsteret time,Danmarks Statistik,LONS11,https://www.statistikbanken.dk/LONS11
H3050,2020,305.05,FORTJENESTE PR. PRÆSTERET TIME,DKK per præsteret time,Danmarks Statistik,LONS11,https://www.statistikbanken.dk/LONS11
H3050,2021,312.24,FORTJENESTE PR. PRÆSTERET TIME,DKK per præsteret time,Danmarks Statistik,LONS11,https://www.statistikbanken.dk/LONS11
H3050,2022,325.10,FORTJENESTE PR. PRÆSTERET TIME,DKK per præsteret time,Danmarks Statistik,LONS11,https://www.statistikbanken.dk/LONS11
H3050,2023,340.43,FORTJENESTE PR. PRÆSTERET TIME,DKK per præsteret time,Danmarks Statistik,LONS11,https://www.statistikbanken.dk/LONS11
H3050,2024,357.07,FORTJENESTE PR. PRÆSTERET TIME,DKK per præsteret time,Danmarks Statistik,LONS11,https://www.statistikbanken.dk/LONS11
H3055,2019,308.90,FORTJENESTE PR. PRÆSTERET TIME,DKK per præsteret time,Danmarks Statistik,LONS11,https://www.statistikbanken.dk/LONS11
H3055,2020,313.89,FORTJENESTE PR. PRÆSTERET TIME,DKK per præsteret time,Danmarks Statistik,LONS11,https://www.statistikbanken.dk/LONS11
H3055,2021,321.21,FORTJENESTE PR. PRÆSTERET TIME,DKK per præsteret time,Danmarks Statistik,LONS11,https://www.statistikbanken.dk/LONS11
H3055,2022,333.65,FORTJENESTE PR. PRÆSTERET TIME,DKK per præsteret time,Danmarks Statistik,LONS11,https://www.statistikbanken.dk/LONS11
H3055,2023,349.99,FORTJENESTE PR. PRÆSTERET TIME,DKK per præsteret time,Danmarks Statistik,LONS11,https://www.statistikbanken.dk/LONS11
H3055,2024,367.34,FORTJENESTE PR. PRÆSTERET TIME,DKK per præsteret time,Danmarks Statistik,LONS11,https://www.statistikbanken.dk/LONS11
H3060,2019,268.68,FORTJENESTE PR. PRÆSTERET TIME,DKK per præsteret time,Danmarks Statistik,LONS11,https://www.statistikbanken.dk/LONS11
H3060,2020,276.72,FORTJENESTE PR. PRÆSTERET TIME,DKK per præsteret time,Danmarks Statistik,LONS11,https://www.statistikbanken.dk/LONS11
H3060,2021,287.00,FORTJENESTE PR. PRÆSTERET TIME,DKK per præsteret time,Danmarks Statistik,LONS11,https://www.statistikbanken.dk/LONS11
H3060,2022,296.55,FORTJENESTE PR. PRÆSTERET TIME,DKK per præsteret time,Danmarks Statistik,LONS11,https://www.statistikbanken.dk/LONS11
H3060,2023,306.58,FORTJENESTE PR. PRÆSTERET TIME,DKK per præsteret time,Danmarks Statistik,LONS11,https://www.statistikbanken.dk/LONS11
H3060,2024,321.74,FORTJENESTE PR. PRÆSTERET TIME,DKK per præsteret time,Danmarks Statistik,LONS11,https://www.statistikbanken.dk/LONS11
H3065,2019,274.98,FORTJENESTE PR. PRÆSTERET TIME,DKK per præsteret time,Danmarks Statistik,LONS11,https://www.statistikbanken.dk/LONS11
H3065,2020,278.52,FORTJENESTE PR. PRÆSTERET TIME,DKK per præsteret time,Danmarks Statistik,LONS11,https://www.statistikbanken.dk/LONS11
H3065,2021,287.98,FORTJENESTE PR. PRÆSTERET TIME,DKK per præsteret time,Danmarks Statistik,LONS11,https://www.statistikbanken.dk/LONS11
H3065,2022,298.37,FORTJENESTE PR. PRÆSTERET TIME,DKK per præsteret time,Danmarks Statistik,LONS11,https://www.statistikbanken.dk/LONS11
H3065,2023,312.44,FORTJENESTE PR. PRÆSTERET TIME,DKK per præsteret time,Danmarks Statistik,LONS11,https://www.statistikbanken.dk/LONS11
H3065,2024,327.65,FORTJENESTE PR. PRÆSTERET TIME,DKK per præsteret time,Danmarks Statistik,LONS11,https://www.statistikbanken.dk/LONS11
H3090,2019,312.15,FORTJENESTE PR. PRÆSTERET TIME,DKK per præsteret time,Danmarks Statistik,LONS11,https://www.statistikbanken.dk/LONS11
H3090,2020,312.71,FORTJENESTE PR. PRÆSTERET TIME,DKK per præsteret time,Danmarks Statistik,LONS11,https://www.statistikbanken.dk/LONS11
H3090,2021,314.34,FORTJENESTE PR. PRÆSTERET TIME,DKK per præsteret time,Danmarks Statistik,LONS11,https://www.statistikbanken.dk/LONS11
H3090,2022,323.88,FORTJENESTE PR. PRÆSTERET TIME,DKK per præsteret time,Danmarks Statistik,LONS11,https://www.statistikbanken.dk/LONS11
H3090,2023,334.87,FORTJENESTE PR. PRÆSTERET TIME,DKK per præsteret time,Danmarks Statistik,LONS11,https://www.statistikbanken.dk/LONS11
H3090,2024,347.95,FORTJENESTE PR. PRÆSTERET TIME,DKK per præsteret time,Danmarks Statistik,LONS11,https://www.statistikbanken.dk/LONS11
H35,2019,307.42,FORTJENESTE PR. PRÆSTERET TIME,DKK per præsteret time,Danmarks Statistik,LONS11,https://www.statistikbanken.dk/LONS11
H35,2020,315.63,FORTJENESTE PR. PRÆSTERET TIME,DKK per præsteret time,Danmarks Statistik,LONS11,https://www.statistikbanken.dk/LONS11
H35,2021,323.16,FORTJENESTE PR. PRÆSTERET TIME,DKK per præsteret time,Danmarks Statistik,LONS11,https://www.statistikbanken.dk/LONS11
H35,2022,318.06,FORTJENESTE PR. PRÆSTERET TIME,DKK per præsteret time,Danmarks Statistik,LONS11,https://www.statistikbanken.dk/LONS11
H35,2023,333.94,FORTJENESTE PR. PRÆSTERET TIME,DKK per præsteret time,Danmarks Statistik,LONS11,https://www.statistikbanken.dk/LONS11
H35,2024,353.49,FORTJENESTE PR. PRÆSTERET TIME,DKK per præsteret time,Danmarks Statistik,LONS11,https://www.statistikbanken.dk/LONS11
H3510,2019,214.76,FORTJENESTE PR. PRÆSTERET TIME,DKK per præsteret time,Danmarks Statistik,LONS11,https://www.statistikbanken.dk/LONS11
H3510,2020,220.95,FORTJENESTE PR. PRÆSTERET TIME,DKK per præsteret time,Danmarks Statistik,LONS11,https://www.statistikbanken.dk/LONS11
H3510,2021,230.54,FORTJENESTE PR. PRÆSTERET TIME,DKK per præsteret time,Danmarks Statistik,LONS11,https://www.statistikbanken.dk/LONS11
H3510,2022,239.21,FORTJENESTE PR. PRÆSTERET TIME,DKK per præsteret time,Danmarks Statistik,LONS11,https://www.statistikbanken.dk/LONS11
H3510,2023,251.38,FORTJENESTE PR. PRÆSTERET TIME,DKK per præsteret time,Danmarks Statistik,LONS11,https://www.statistikbanken.dk/LONS11
H3510,2024,264.41,FORTJENESTE PR. PRÆSTERET TIME,DKK per præsteret time,Danmarks Statistik,LONS11,https://www.statistikbanken.dk/LONS11
H3520,2019,312.09,FORTJENESTE PR. PRÆSTERET TIME,DKK per præsteret time,Danmarks Statistik,LONS11,https://www.statistikbanken.dk/LONS11
H3520,2020,319.42,FORTJENESTE PR. PRÆSTERET TIME,DKK per præsteret time,Danmarks Statistik,LONS11,https://www.statistikbanken.dk/LONS11
H3520,2021,328.82,FORTJENESTE PR. PRÆSTERET TIME,DKK per præsteret time,Danmarks Statistik,LONS11,https://www.statistikbanken.dk/LONS11
H3520,2022,349.59,FORTJENESTE PR. PRÆSTERET TIME,DKK per præsteret time,Danmarks Statistik,LONS11,https://www.statistikbanken.dk/LONS11
H3520,2023,367.49,FORTJENESTE PR. PRÆSTERET TIME,DKK per præsteret time,Danmarks Statistik,LONS11,https://www.statistikbanken.dk/LONS11
H3520,2024,391.96,FORTJENESTE PR. PRÆSTERET TIME,DKK per præsteret time,Danmarks Statistik,LONS11,https://www.statistikbanken.dk/LONS11
H40,2019,343.77,FORTJENESTE PR. PRÆSTERET TIME,DKK per præsteret time,Danmarks Statistik,LONS11,https://www.statistikbanken.dk/LONS11
H40,2020,349.13,FORTJENESTE PR. PRÆSTERET TIME,DKK per præsteret time,Danmarks Statistik,LONS11,https://www.statistikbanken.dk/LONS11
H40,2021,353.81,FORTJENESTE PR. PRÆSTERET TIME,DKK per præsteret time,Danmarks Statistik,LONS11,https://www.statistikbanken.dk/LONS11
H40,2022,363.99,FORTJENESTE PR. PRÆSTERET TIME,DKK per præsteret time,Danmarks Statistik,LONS11,https://www.statistikbanken.dk/LONS11
H40,2023,377.48,FORTJENESTE PR. PRÆSTERET TIME,DKK per præsteret time,Danmarks Statistik,LONS11,https://www.statistikbanken.dk/LONS11
H40,2024,394.63,FORTJENESTE PR. PRÆSTERET TIME,DKK per præsteret time,Danmarks Statistik,LONS11,https://www.statistikbanken.dk/LONS11
H4020,2019,287.82,FORTJENESTE PR. PRÆSTERET TIME,DKK per præsteret time,Danmarks Statistik,LONS11,https://www.statistikbanken.dk/LONS11
H4020,2020,303.38,FORTJENESTE PR. PRÆSTERET TIME,DKK per præsteret time,Danmarks Statistik,LONS11,https://www.statistikbanken.dk/LONS11
H4020,2021,309.28,FORTJENESTE PR. PRÆSTERET TIME,DKK per præsteret time,Danmarks Statistik,LONS11,https://www.statistikbanken.dk/LONS11
H4020,2022,318.02,FORTJENESTE PR. PRÆSTERET TIME,DKK per præsteret time,Danmarks Statistik,LONS11,https://www.statistikbanken.dk/LONS11
H4020,2023,330.78,FORTJENESTE PR. PRÆSTERET TIME,DKK per præsteret time,Danmarks Statistik,LONS11,https://www.statistikbanken.dk/LONS11
H4020,2024,349.71,FORTJENESTE PR. PRÆSTERET TIME,DKK per præsteret time,Danmarks Statistik,LONS11,https://www.statistikbanken.dk/LONS11
H4024,2019,298.05,FORTJENESTE PR. PRÆSTERET TIME,DKK per præsteret time,Danmarks Statistik,LONS11,https://www.statistikbanken.dk/LONS11
H4024,2020,305.35,FORTJENESTE PR. PRÆSTERET TIME,DKK per præsteret time,Danmarks Statistik,LONS11,https://www.statistikbanken.dk/LONS11
H4024,2021,311.33,FORTJENESTE PR. PRÆSTERET TIME,DKK per præsteret time,Danmarks Statistik,LONS11,https://www.statistikbanken.dk/LONS11
H4024,2022,322.23,FORTJENESTE PR. PRÆSTERET TIME,DKK per præsteret time,Danmarks Statistik,LONS11,https://www.statistikbanken.dk/LONS11
H4024,2023,335.00,FORTJENESTE PR. PRÆSTERET TIME,DKK per præsteret time,Danmarks Statistik,LONS11,https://www.statistikbanken.dk/LONS11
H4024,2024,352.98,FORTJENESTE PR. PRÆSTERET TIME,DKK per præsteret time,Danmarks Statistik,LONS11,https://www.statistikbanken.dk/LONS11
H4025,2019,338.12,FORTJENESTE PR. PRÆSTERET TIME,DKK per præsteret time,Danmarks Statistik,LONS11,https://www.statistikbanken.dk/LONS11
H4025,2020,343.82,FORTJENESTE PR. PRÆSTERET TIME,DKK per præsteret time,Danmarks Statistik,LONS11,https://www.statistikbanken.dk/LONS11
H4025,2021,346.57,FORTJENESTE PR. PRÆSTERET TIME,DKK per præsteret time,Danmarks Statistik,LONS11,https://www.statistikbanken.dk/LONS11
H4025,2022,357.73,FORTJENESTE PR. PRÆSTERET TIME,DKK per præsteret time,Danmarks Statistik,LONS11,https://www.statistikbanken.dk/LONS11
H4025,2023,374.81,FORTJENESTE PR. PRÆSTERET TIME,DKK per præsteret time,Danmarks Statistik,LONS11,https://www.statistikbanken.dk/LONS11
H4025,2024,394.65,FORTJENESTE PR. PRÆSTERET TIME,DKK per præsteret time,Danmarks Statistik,LONS11,https://www.statistikbanken.dk/LONS11
H4030,2019,275.77,FORTJENESTE PR. PRÆSTERET TIME,DKK per præsteret time,Danmarks Statistik,LONS11,https://www.statistikbanken.dk/LONS11
H4030,2020,276.43,FORTJENESTE PR. PRÆSTERET TIME,DKK per præsteret time,Danmarks Statistik,LONS11,https://www.statistikbanken.dk/LONS11
H4030,2021,278.29,FORTJENESTE PR. PRÆSTERET TIME,DKK per præsteret time,Danmarks Statistik,LONS11,https://www.statistikbanken.dk/LONS11
H4030,2022,290.44,FORTJENESTE PR. PRÆSTERET TIME,DKK per præsteret time,Danmarks Statistik,LONS11,https://www.statistikbanken.dk/LONS11
H4030,2023,301.10,FORTJENESTE PR. PRÆSTERET TIME,DKK per præsteret time,Danmarks Statistik,LONS11,https://www.statistikbanken.dk/LONS11
H4030,2024,320.08,FORTJENESTE PR. PRÆSTERET TIME,DKK per præsteret time,Danmarks Statistik,LONS11,https://www.statistikbanken.dk/LONS11
H4038,2019,351.93,FORTJENESTE PR. PRÆSTERET TIME,DKK per præsteret time,Danmarks Statistik,LONS11,https://www.statistikbanken.dk/LONS11
H4038,2020,356.15,FORTJENESTE PR. PRÆSTERET TIME,DKK per præsteret time,Danmarks Statistik,LONS11,https://www.statistikbanken.dk/LONS11
H4038,2021,361.24,FORTJENESTE PR. PRÆSTERET TIME,DKK per præsteret time,Danmarks Statistik,LONS11,https://www.statistikbanken.dk/LONS11
H4038,2022,371.41,FORTJENESTE PR. PRÆSTERET TIME,DKK per præsteret time,Danmarks Statistik,LONS11,https://www.statistikbanken.dk/LONS11
H4038,2023,385.37,FORTJENESTE PR. PRÆSTERET TIME,DKK per præsteret time,Danmarks Statistik,LONS11,https://www.statistikbanken.dk/LONS11
H4038,2024,405.01,FORTJENESTE PR. PRÆSTERET TIME,DKK per præsteret time,Danmarks Statistik,LONS11,https://www.statistikbanken.dk/LONS11
H4058,2019,376.05,FORTJENESTE PR. PRÆSTERET TIME,DKK per præsteret time,Danmarks Statistik,LONS11,https://www.statistikbanken.dk/LONS11
H4058,2020,381.12,FORTJENESTE PR. PRÆSTERET TIME,DKK per præsteret time,Danmarks Statistik,LONS11,https://www.statistikbanken.dk/LONS11
H4058,2021,388.00,FORTJENESTE PR. PRÆSTERET TIME,DKK per præsteret time,Danmarks Statistik,LONS11,https://www.statistikbanken.dk/LONS11
H4058,2022,401.85,FORTJENESTE PR. PRÆSTERET TIME,DKK per præsteret time,Danmarks Statistik,LONS11,https://www.statistikbanken.dk/LONS11
H4058,2023,420.14,FORTJENESTE PR. PRÆSTERET TIME,DKK per præsteret time,Danmarks Statistik,LONS11,https://www.statistikbanken.dk/LONS11
H4058,2024,439.75,FORTJENESTE PR. PRÆSTERET TIME,DKK per præsteret time,Danmarks Statistik,LONS11,https://www.statistikbanken.dk/LONS11
H4075,2019,324.91,FORTJENESTE PR. PRÆSTERET TIME,DKK per præsteret time,Danmarks Statistik,LONS11,https://www.statistikbanken.dk/LONS11
H4075,2020,330.83,FORTJENESTE PR. PRÆSTERET TIME,DKK per præsteret time,Danmarks Statistik,LONS11,https://www.statistikbanken.dk/LONS11
H4075,2021,337.19,FORTJENESTE PR. PRÆSTERET TIME,DKK per præsteret time,Danmarks Statistik,LONS11,https://www.statistikbanken.dk/LONS11
H4075,2022,349.42,FORTJENESTE PR. PRÆSTERET TIME,DKK per præsteret time,Danmarks Statistik,LONS11,https://www.statistikbanken.dk/LONS11
H4075,2023,367.90,FORTJENESTE PR. PRÆSTERET TIME,DKK per præsteret time,Danmarks Statistik,LONS11,https://www.statistikbanken.dk/LONS11
H4075,2024,387.87,FORTJENESTE PR. PRÆSTERET TIME,DKK per præsteret time,Danmarks Statistik,LONS11,https://www.statistikbanken.dk/LONS11
H4080,2019,313.22,FORTJENESTE PR. PRÆSTERET TIME,DKK per præsteret time,Danmarks Statistik,LONS11,https://www.statistikbanken.dk/LONS11
H4080,2020,320.70,FORTJENESTE PR. PRÆSTERET TIME,DKK per præsteret time,Danmarks Statistik,LONS11,https://www.statistikbanken.dk/LONS11
H4080,2021,326.40,FORTJENESTE PR. PRÆSTERET TIME,DKK per præsteret time,Danmarks Statistik,LONS11,https://www.statistikbanken.dk/LONS11
H4080,2022,337.40,FORTJENESTE PR. PRÆSTERET TIME,DKK per præsteret time,Danmarks Statistik,LONS11,https://www.statistikbanken.dk/LONS11
H4080,2023,349.23,FORTJENESTE PR. PRÆSTERET TIME,DKK per præsteret time,Danmarks Statistik,LONS11,https://www.statistikbanken.dk/LONS11
H4080,2024,368.95,FORTJENESTE PR. PRÆSTERET TIME,DKK per præsteret time,Danmarks Statistik,LONS11,https://www.statistikbanken.dk/LONS11
H4085,2019,412.11,FORTJENESTE PR. PRÆSTERET TIME,DKK per præsteret time,Danmarks Statistik,LONS11,https://www.statistikbanken.dk/LONS11
H4085,2020,416.12,FORTJENESTE PR. PRÆSTERET TIME,DKK per præsteret time,Danmarks Statistik,LONS11,https://www.statistikbanken.dk/LONS11
H4085,2021,413.71,FORTJENESTE PR. PRÆSTERET TIME,DKK per præsteret time,Danmarks Statistik,LONS11,https://www.statistikbanken.dk/LONS11
H4085,2022,424.95,FORTJENESTE PR. PRÆSTERET TIME,DKK per præsteret time,Danmarks Statistik,LONS11,https://www.statistikbanken.dk/LONS11
H4085,2023,438.65,FORTJENESTE PR. PRÆSTERET TIME,DKK per præsteret time,Danmarks Statistik,LONS11,https://www.statistikbanken.dk/LONS11
H4085,2024,463.77,FORTJENESTE PR. PRÆSTERET TIME,DKK per præsteret time,Danmarks Statistik,LONS11,https://www.statistikbanken.dk/LONS11
H4089,2019,318.09,FORTJENESTE PR. PRÆSTERET TIME,DKK per præsteret time,Danmarks Statistik,LONS11,https://www.statistikbanken.dk/LONS11
H4089,2020,322.99,FORTJENESTE PR. PRÆSTERET TIME,DKK per præsteret time,Danmarks Statistik,LONS11,https://www.statistikbanken.dk/LONS11
H4089,2021,322.06,FORTJENESTE PR. PRÆSTERET TIME,DKK per præsteret time,Danmarks Statistik,LONS11,https://www.statistikbanken.dk/LONS11
H4089,2022,333.43,FORTJENESTE PR. PRÆSTERET TIME,DKK per præsteret time,Danmarks Statistik,LONS11,https://www.statistikbanken.dk/LONS11
H4089,2023,342.13,FORTJENESTE PR. PRÆSTERET TIME,DKK per præsteret time,Danmarks Statistik,LONS11,https://www.statistikbanken.dk/LONS11
H4089,2024,358.97,FORTJENESTE PR. PRÆSTERET TIME,DKK per præsteret time,Danmarks Statistik,LONS11,https://www.statistikbanken.dk/LONS11
H4095,2019,330.79,FORTJENESTE PR. PRÆSTERET TIME,DKK per præsteret time,Danmarks Statistik,LONS11,https://www.statistikbanken.dk/LONS11
H4095,2020,332.98,FORTJENESTE PR. PRÆSTERET TIME,DKK per præsteret time,Danmarks Statistik,LONS11,https://www.statistikbanken.dk/LONS11
H4095,2021,335.18,FORTJENESTE PR. PRÆSTERET TIME,DKK per præsteret time,Danmarks Statistik,LONS11,https://www.statistikbanken.dk/LONS11
H4095,2022,344.37,FORTJENESTE PR. PRÆSTERET TIME,DKK per præsteret time,Danmarks Statistik,LONS11,https://www.statistikbanken.dk/LONS11
H4095,2023,352.81,FORTJENESTE PR. PRÆSTERET TIME,DKK per præsteret time,Danmarks Statistik,LONS11,https://www.statistikbanken.dk/LONS11
H4095,2024,369.08,FORTJENESTE PR. PRÆSTERET TIME,DKK per præsteret time,Danmarks Statistik,LONS11,https://www.statistikbanken.dk/LONS11
H50,2019,347.25,FORTJENESTE PR. PRÆSTERET TIME,DKK per præsteret time,Danmarks Statistik,LONS11,https://www.statistikbanken.dk/LONS11
H50,2020,356.05,FORTJENESTE PR. PRÆSTERET TIME,DKK per præsteret time,Danmarks Statistik,LONS11,https://www.statistikbanken.dk/LONS11
H50,2021,360.29,FORTJENESTE PR. PRÆSTERET TIME,DKK per præsteret time,Danmarks Statistik,LONS11,https://www.statistikbanken.dk/LONS11
H50,2022,372.45,FORTJENESTE PR. PRÆSTERET TIME,DKK per præsteret time,Danmarks Statistik,LONS11,https://www.statistikbanken.dk/LONS11
H50,2023,384.65,FORTJENESTE PR. PRÆSTERET TIME,DKK per præsteret time,Danmarks Statistik,LONS11,https://www.statistikbanken.dk/LONS11
H50,2024,401.24,FORTJENESTE PR. PRÆSTERET TIME,DKK per præsteret time,Danmarks Statistik,LONS11,https://www.statistikbanken.dk/LONS11
H5020,2019,315.58,FORTJENESTE PR. PRÆSTERET TIME,DKK per præsteret time,Danmarks Statistik,LONS11,https://www.statistikbanken.dk/LONS11
H5020,2020,325.27,FORTJENESTE PR. PRÆSTERET TIME,DKK per præsteret time,Danmarks Statistik,LONS11,https://www.statistikbanken.dk/LONS11
H5020,2021,329.72,FORTJENESTE PR. PRÆSTERET TIME,DKK per præsteret time,Danmarks Statistik,LONS11,https://www.statistikbanken.dk/LONS11
H5020,2022,340.69,FORTJENESTE PR. PRÆSTERET TIME,DKK per præsteret time,Danmarks Statistik,LONS11,https://www.statistikbanken.dk/LONS11
H5020,2023,350.40,FORTJENESTE PR. PRÆSTERET TIME,DKK per præsteret time,Danmarks Statistik,LONS11,https://www.statistikbanken.dk/LONS11
H5020,2024,367.56,FORTJENESTE PR. PRÆSTERET TIME,DKK per præsteret time,Danmarks Statistik,LONS11,https://www.statistikbanken.dk/LONS11
H5024,2019,362.30,FORTJENESTE PR. PRÆSTERET TIME,DKK per præsteret time,Danmarks Statistik,LONS11,https://www.statistikbanken.dk/LONS11
H5024,2020,365.81,FORTJENESTE PR. PRÆSTERET TIME,DKK per præsteret time,Danmarks Statistik,LONS11,https://www.statistikbanken.dk/LONS11
H5024,2021,364.67,FORTJENESTE PR. PRÆSTERET TIME,DKK per præsteret time,Danmarks Statistik,LONS11,https://www.statistikbanken.dk/LONS11
H5024,2022,368.44,FORTJENESTE PR. PRÆSTERET TIME,DKK per præsteret time,Danmarks Statistik,LONS11,https://www.statistikbanken.dk/LONS11
H5024,2023,382.67,FORTJENESTE PR. PRÆSTERET TIME,DKK per præsteret time,Danmarks Statistik,LONS11,https://www.statistikbanken.dk/LONS11
H5024,2024,394.21,FORTJENESTE PR. PRÆSTERET TIME,DKK per præsteret time,Danmarks Statistik,LONS11,https://www.statistikbanken.dk/LONS11
H5025,2019,345.06,FORTJENESTE PR. PRÆSTERET TIME,DKK per præsteret time,Danmarks Statistik,LONS11,https://www.statistikbanken.dk/LONS11
H5025,2020,352.07,FORTJENESTE PR. PRÆSTERET TIME,DKK per præsteret time,Danmarks Statistik,LONS11,https://www.statistikbanken.dk/LONS11
H5025,2021,355.45,FORTJENESTE PR. PRÆSTERET TIME,DKK per præsteret time,Danmarks Statistik,LONS11,https://www.statistikbanken.dk/LONS11
H5025,2022,367.98,FORTJENESTE PR. PRÆSTERET TIME,DKK per præsteret time,Danmarks Statistik,LONS11,https://www.statistikbanken.dk/LONS11
H5025,2023,382.51,FORTJENESTE PR. PRÆSTERET TIME,DKK per præsteret time,Danmarks Statistik,LONS11,https://www.statistikbanken.dk/LONS11
H5025,2024,399.02,FORTJENESTE PR. PRÆSTERET TIME,DKK per præsteret time,Danmarks Statistik,LONS11,https://www.statistikbanken.dk/LONS11
H5030,2019,267.62,FORTJENESTE PR. PRÆSTERET TIME,DKK per præsteret time,Danmarks Statistik,LONS11,https://www.statistikbanken.dk/LONS11
H5030,2020,274.83,FORTJENESTE PR. PRÆSTERET TIME,DKK per præsteret time,Danmarks Statistik,LONS11,https://www.statistikbanken.dk/LONS11
H5030,2021,276.17,FORTJENESTE PR. PRÆSTERET TIME,DKK per præsteret time,Danmarks Statistik,LONS11,https://www.statistikbanken.dk/LONS11
H5030,2022,292.30,FORTJENESTE PR. PRÆSTERET TIME,DKK per præsteret time,Danmarks Statistik,LONS11,https://www.statistikbanken.dk/LONS11
H5030,2023,307.52,FORTJENESTE PR. PRÆSTERET TIME,DKK per præsteret time,Danmarks Statistik,LONS11,https://www.statistikbanken.dk/LONS11
H5030,2024,324.05,FORTJENESTE PR. PRÆSTERET TIME,DKK per præsteret time,Danmarks Statistik,LONS11,https://www.statistikbanken.dk/LONS11
H5038,2019,396.14,FORTJENESTE PR. PRÆSTERET TIME,DKK per præsteret time,Danmarks Statistik,LONS11,https://www.statistikbanken.dk/LONS11
H5038,2020,400.70,FORTJENESTE PR. PRÆSTERET TIME,DKK per præsteret time,Danmarks Statistik,LONS11,https://www.statistikbanken.dk/LONS11
H5038,2021,401.19,FORTJENESTE PR. PRÆSTERET TIME,DKK per præsteret time,Danmarks Statistik,LONS11,https://www.statistikbanken.dk/LONS11
H5038,2022,410.79,FORTJENESTE PR. PRÆSTERET TIME,DKK per præsteret time,Danmarks Statistik,LONS11,https://www.statistikbanken.dk/LONS11
H5038,2023,423.71,FORTJENESTE PR. PRÆSTERET TIME,DKK per præsteret time,Danmarks Statistik,LONS11,https://www.statistikbanken.dk/LONS11
H5038,2024,440.23,FORTJENESTE PR. PRÆSTERET TIME,DKK per præsteret time,Danmarks Statistik,LONS11,https://www.statistikbanken.dk/LONS11
H5039,2019,346.18,FORTJENESTE PR. PRÆSTERET TIME,DKK per præsteret time,Danmarks Statistik,LONS11,https://www.statistikbanken.dk/LONS11
H5039,2020,363.59,FORTJENESTE PR. PRÆSTERET TIME,DKK per præsteret time,Danmarks Statistik,LONS11,https://www.statistikbanken.dk/LONS11
H5039,2021,355.57,FORTJENESTE PR. PRÆSTERET TIME,DKK per præsteret time,Danmarks Statistik,LONS11,https://www.statistikbanken.dk/LONS11
H5039,2022,380.48,FORTJENESTE PR. PRÆSTERET TIME,DKK per præsteret time,Danmarks Statistik,LONS11,https://www.statistikbanken.dk/LONS11
H5039,2023,403.83,FORTJENESTE PR. PRÆSTERET TIME,DKK per præsteret time,Danmarks Statistik,LONS11,https://www.statistikbanken.dk/LONS11
H5039,2024,418.18,FORTJENESTE PR. PRÆSTERET TIME,DKK per præsteret time,Danmarks Statistik,LONS11,https://www.statistikbanken.dk/LONS11
H5058,2019,405.57,FORTJENESTE PR. PRÆSTERET TIME,DKK per præsteret time,Danmarks Statistik,LONS11,https://www.statistikbanken.dk/LONS11
H5058,2020,410.04,FORTJENESTE PR. PRÆSTERET TIME,DKK per præsteret time,Danmarks Statistik,LONS11,https://www.statistikbanken.dk/LONS11
H5058,2021,414.52,FORTJENESTE PR. PRÆSTERET TIME,DKK per præsteret time,Danmarks Statistik,LONS11,https://www.statistikbanken.dk/LONS11
H5058,2022,427.52,FORTJENESTE PR. PRÆSTERET TIME,DKK per præsteret time,Danmarks Statistik,LONS11,https://www.statistikbanken.dk/LONS11
H5058,2023,449.22,FORTJENESTE PR. PRÆSTERET TIME,DKK per præsteret time,Danmarks Statistik,LONS11,https://www.statistikbanken.dk/LONS11
H5058,2024,470.65,FORTJENESTE PR. PRÆSTERET TIME,DKK per præsteret time,Danmarks Statistik,LONS11,https://www.statistikbanken.dk/LONS11
H5059,2019,531.00,FORTJENESTE PR. PRÆSTERET TIME,DKK per præsteret time,Danmarks Statistik,LONS11,https://www.statistikbanken.dk/LONS11
H5059,2020,540.11,FORTJENESTE PR. PRÆSTERET TIME,DKK per præsteret time,Danmarks Statistik,LONS11,https://www.statistikbanken.dk/LONS11
H5059,2021,546.08,FORTJENESTE PR. PRÆSTERET TIME,DKK per præsteret time,Danmarks Statistik,LONS11,https://www.statistikbanken.dk/LONS11
H5059,2022,561.71,FORTJENESTE PR. PRÆSTERET TIME,DKK per præsteret time,Danmarks Statistik,LONS11,https://www.statistikbanken.dk/LONS11
H5059,2023,584.58,FORTJENESTE PR. PRÆSTERET TIME,DKK per præsteret time,Danmarks Statistik,LONS11,https://www.statistikbanken.dk/LONS11
H5059,2024,609.32,FORTJENESTE PR. PRÆSTERET TIME,DKK per præsteret time,Danmarks Statistik,LONS11,https://www.statistikbanken.dk/LONS11
H5075,2019,303.38,FORTJENESTE PR. PRÆSTERET TIME,DKK per præsteret time,Danmarks Statistik,LONS11,https://www.statistikbanken.dk/LONS11
H5075,2020,311.26,FORTJENESTE PR. PRÆSTERET TIME,DKK per præsteret time,Danmarks Statistik,LONS11,https://www.statistikbanken.dk/LONS11
H5075,2021,316.07,FORTJENESTE PR. PRÆSTERET TIME,DKK per præsteret time,Danmarks Statistik,LONS11,https://www.statistikbanken.dk/LONS11
H5075,2022,328.44,FORTJENESTE PR. PRÆSTERET TIME,DKK per præsteret time,Danmarks Statistik,LONS11,https://www.statistikbanken.dk/LONS11
H5075,2023,342.39,FORTJENESTE PR. PRÆSTERET TIME,DKK per præsteret time,Danmarks Statistik,LONS11,https://www.statistikbanken.dk/LONS11
H5075,2024,358.15,FORTJENESTE PR. PRÆSTERET TIME,DKK per præsteret time,Danmarks Statistik,LONS11,https://www.statistikbanken.dk/LONS11
H5080,2019,339.97,FORTJENESTE PR. PRÆSTERET TIME,DKK per præsteret time,Danmarks Statistik,LONS11,https://www.statistikbanken.dk/LONS11
H5080,2020,344.07,FORTJENESTE PR. PRÆSTERET TIME,DKK per præsteret time,Danmarks Statistik,LONS11,https://www.statistikbanken.dk/LONS11
H5080,2021,351.02,FORTJENESTE PR. PRÆSTERET TIME,DKK per præsteret time,Danmarks Statistik,LONS11,https://www.statistikbanken.dk/LONS11
H5080,2022,360.37,FORTJENESTE PR. PRÆSTERET TIME,DKK per præsteret time,Danmarks Statistik,LONS11,https://www.statistikbanken.dk/LONS11
H5080,2023,373.88,FORTJENESTE PR. PRÆSTERET TIME,DKK per præsteret time,Danmarks Statistik,LONS11,https://www.statistikbanken.dk/LONS11
H5080,2024,386.83,FORTJENESTE PR. PRÆSTERET TIME,DKK per præsteret time,Danmarks Statistik,LONS11,https://www.statistikbanken.dk/LONS11
H5085,2019,449.70,FORTJENESTE PR. PRÆSTERET TIME,DKK per præsteret time,Danmarks Statistik,LONS11,https://www.statistikbanken.dk/LONS11
H5085,2020,453.98,FORTJENESTE PR. PRÆSTERET TIME,DKK per præsteret time,Danmarks Statistik,LONS11,https://www.statistikbanken.dk/LONS11
H5085,2021,450.95,FORTJENESTE PR. PRÆSTERET TIME,DKK per præsteret time,Danmarks Statistik,LONS11,https://www.statistikbanken.dk/LONS11
H5085,2022,455.30,FORTJENESTE PR. PRÆSTERET TIME,DKK per præsteret time,Danmarks Statistik,LONS11,https://www.statistikbanken.dk/LONS11
H5085,2023,484.05,FORTJENESTE PR. PRÆSTERET TIME,DKK per præsteret time,Danmarks Statistik,LONS11,https://www.statistikbanken.dk/LONS11
H5085,2024,510.11,FORTJENESTE PR. PRÆSTERET TIME,DKK per præsteret time,Danmarks Statistik,LONS11,https://www.statistikbanken.dk/LONS11
H5089,2019,319.53,FORTJENESTE PR. PRÆSTERET TIME,DKK per præsteret time,Danmarks Statistik,LONS11,https://www.statistikbanken.dk/LONS11
H5089,2020,332.01,FORTJENESTE PR. PRÆSTERET TIME,DKK per præsteret time,Danmarks Statistik,LONS11,https://www.statistikbanken.dk/LONS11
H5089,2021,338.79,FORTJENESTE PR. PRÆSTERET TIME,DKK per præsteret time,Danmarks Statistik,LONS11,https://www.statistikbanken.dk/LONS11
H5089,2022,355.91,FORTJENESTE PR. PRÆSTERET TIME,DKK per præsteret time,Danmarks Statistik,LONS11,https://www.statistikbanken.dk/LONS11
H5089,2023,358.91,FORTJENESTE PR. PRÆSTERET TIME,DKK per præsteret time,Danmarks Statistik,LONS11,https://www.statistikbanken.dk/LONS11
H5089,2024,371.88,FORTJENESTE PR. PRÆSTERET TIME,DKK per præsteret time,Danmarks Statistik,LONS11,https://www.statistikbanken.dk/LONS11
H5095,2019,436.19,FORTJENESTE PR. PRÆSTERET TIME,DKK per præsteret time,Danmarks Statistik,LONS11,https://www.statistikbanken.dk/LONS11
H5095,2020,442.60,FORTJENESTE PR. PRÆSTERET TIME,DKK per præsteret time,Danmarks Statistik,LONS11,https://www.statistikbanken.dk/LONS11
H5095,2021,451.12,FORTJENESTE PR. PRÆSTERET TIME,DKK per præsteret time,Danmarks Statistik,LONS11,https://www.statistikbanken.dk/LONS11
H5095,2022,475.55,FORTJENESTE PR. PRÆSTERET TIME,DKK per præsteret time,Danmarks Statistik,LONS11,https://www.statistikbanken.dk/LONS11
H5095,2023,493.55,FORTJENESTE PR. PRÆSTERET TIME,DKK per præsteret time,Danmarks Statistik,LONS11,https://www.statistikbanken.dk/LONS11
H5095,2024,518.45,FORTJENESTE PR. PRÆSTERET TIME,DKK per præsteret time,Danmarks Statistik,LONS11,https://www.statistikbanken.dk/LONS11
H5097,2019,283.36,FORTJENESTE PR. PRÆSTERET TIME,DKK per præsteret time,Danmarks Statistik,LONS11,https://www.statistikbanken.dk/LONS11
H5097,2020,296.84,FORTJENESTE PR. PRÆSTERET TIME,DKK per præsteret time,Danmarks Statistik,LONS11,https://www.statistikbanken.dk/LONS11
H5097,2021,302.30,FORTJENESTE PR. PRÆSTERET TIME,DKK per præsteret time,Danmarks Statistik,LONS11,https://www.statistikbanken.dk/LONS11
H5097,2022,311.46,FORTJENESTE PR. PRÆSTERET TIME,DKK per præsteret time,Danmarks Statistik,LONS11,https://www.statistikbanken.dk/LONS11
H5097,2023,332.42,FORTJENESTE PR. PRÆSTERET TIME,DKK per præsteret time,Danmarks Statistik,LONS11,https://www.statistikbanken.dk/LONS11
H5097,2024,353.58,FORTJENESTE PR. PRÆSTERET TIME,DKK per præsteret time,Danmarks Statistik,LONS11,https://www.statistikbanken.dk/LONS11
H60,2019,345.79,FORTJENESTE PR. PRÆSTERET TIME,DKK per præsteret time,Danmarks Statistik,LONS11,https://www.statistikbanken.dk/LONS11
H60,2020,348.07,FORTJENESTE PR. PRÆSTERET TIME,DKK per præsteret time,Danmarks Statistik,LONS11,https://www.statistikbanken.dk/LONS11
H60,2021,349.52,FORTJENESTE PR. PRÆSTERET TIME,DKK per præsteret time,Danmarks Statistik,LONS11,https://www.statistikbanken.dk/LONS11
H60,2022,358.60,FORTJENESTE PR. PRÆSTERET TIME,DKK per præsteret time,Danmarks Statistik,LONS11,https://www.statistikbanken.dk/LONS11
H60,2023,367.28,FORTJENESTE PR. PRÆSTERET TIME,DKK per præsteret time,Danmarks Statistik,LONS11,https://www.statistikbanken.dk/LONS11
H60,2024,384.77,FORTJENESTE PR. PRÆSTERET TIME,DKK per præsteret time,Danmarks Statistik,LONS11,https://www.statistikbanken.dk/LONS11
H6020,2019,324.07,FORTJENESTE PR. PRÆSTERET TIME,DKK per præsteret time,Danmarks Statistik,LONS11,https://www.statistikbanken.dk/LONS11
H6020,2020,327.65,FORTJENESTE PR. PRÆSTERET TIME,DKK per præsteret time,Danmarks Statistik,LONS11,https://www.statistikbanken.dk/LONS11
H6020,2021,333.66,FORTJENESTE PR. PRÆSTERET TIME,DKK per præsteret time,Danmarks Statistik,LONS11,https://www.statistikbanken.dk/LONS11
H6020,2022,339.10,FORTJENESTE PR. PRÆSTERET TIME,DKK per præsteret time,Danmarks Statistik,LONS11,https://www.statistikbanken.dk/LONS11
H6020,2023,344.35,FORTJENESTE PR. PRÆSTERET TIME,DKK per præsteret time,Danmarks Statistik,LONS11,https://www.statistikbanken.dk/LONS11
H6020,2024,366.51,FORTJENESTE PR. PRÆSTERET TIME,DKK per præsteret time,Danmarks Statistik,LONS11,https://www.statistikbanken.dk/LONS11
H6025,2019,308.70,FORTJENESTE PR. PRÆSTERET TIME,DKK per præsteret time,Danmarks Statistik,LONS11,https://www.statistikbanken.dk/LONS11
H6025,2020,315.49,FORTJENESTE PR. PRÆSTERET TIME,DKK per præsteret time,Danmarks Statistik,LONS11,https://www.statistikbanken.dk/LONS11
H6025,2021,318.71,FORTJENESTE PR. PRÆSTERET TIME,DKK per præsteret time,Danmarks Statistik,LONS11,https://www.statistikbanken.dk/LONS11
H6025,2022,331.02,FORTJENESTE PR. PRÆSTERET TIME,DKK per præsteret time,Danmarks Statistik,LONS11,https://www.statistikbanken.dk/LONS11
H6025,2023,345.37,FORTJENESTE PR. PRÆSTERET TIME,DKK per præsteret time,Danmarks Statistik,LONS11,https://www.statistikbanken.dk/LONS11
H6025,2024,363.26,FORTJENESTE PR. PRÆSTERET TIME,DKK per præsteret time,Danmarks Statistik,LONS11,https://www.statistikbanken.dk/LONS11
H6030,2019,308.08,FORTJENESTE PR. PRÆSTERET TIME,DKK per præsteret time,Danmarks Statistik,LONS11,https://www.statistikbanken.dk/LONS11
H6030,2020,316.87,FORTJENESTE PR. PRÆSTERET TIME,DKK per præsteret time,Danmarks Statistik,LONS11,https://www.statistikbanken.dk/LONS11
H6030,2021,319.55,FORTJENESTE PR. PRÆSTERET TIME,DKK per præsteret time,Danmarks Statistik,LONS11,https://www.statistikbanken.dk/LONS11
H6030,2022,327.30,FORTJENESTE PR. PRÆSTERET TIME,DKK per præsteret time,Danmarks Statistik,LONS11,https://www.statistikbanken.dk/LONS11
H6030,2023,336.60,FORTJENESTE PR. PRÆSTERET TIME,DKK per præsteret time,Danmarks Statistik,LONS11,https://www.statistikbanken.dk/LONS11
H6030,2024,352.24,FORTJENESTE PR. PRÆSTERET TIME,DKK per præsteret time,Danmarks Statistik,LONS11,https://www.statistikbanken.dk/LONS11
H6035,2019,331.44,FORTJENESTE PR. PRÆSTERET TIME,DKK per præsteret time,Danmarks Statistik,LONS11,https://www.statistikbanken.dk/LONS11
H6035,2020,339.23,FORTJENESTE PR. PRÆSTERET TIME,DKK per præsteret time,Danmarks Statistik,LONS11,https://www.statistikbanken.dk/LONS11
H6035,2021,342.66,FORTJENESTE PR. PRÆSTERET TIME,DKK per præsteret time,Danmarks Statistik,LONS11,https://www.statistikbanken.dk/LONS11
H6035,2022,355.54,FORTJENESTE PR. PRÆSTERET TIME,DKK per præsteret time,Danmarks Statistik,LONS11,https://www.statistikbanken.dk/LONS11
H6035,2023,368.47,FORTJENESTE PR. PRÆSTERET TIME,DKK per præsteret time,Danmarks Statistik,LONS11,https://www.statistikbanken.dk/LONS11
H6035,2024,388.21,FORTJENESTE PR. PRÆSTERET TIME,DKK per præsteret time,Danmarks Statistik,LONS11,https://www.statistikbanken.dk/LONS11
H6039,2019,392.03,FORTJENESTE PR. PRÆSTERET TIME,DKK per præsteret time,Danmarks Statistik,LONS11,https://www.statistikbanken.dk/LONS11
H6039,2020,392.63,FORTJENESTE PR. PRÆSTERET TIME,DKK per præsteret time,Danmarks Statistik,LONS11,https://www.statistikbanken.dk/LONS11
H6039,2021,392.29,FORTJENESTE PR. PRÆSTERET TIME,DKK per præsteret time,Danmarks Statistik,LONS11,https://www.statistikbanken.dk/LONS11
H6039,2022,400.46,FORTJENESTE PR. PRÆSTERET TIME,DKK per præsteret time,Danmarks Statistik,LONS11,https://www.statistikbanken.dk/LONS11
H6039,2023,415.57,FORTJENESTE PR. PRÆSTERET TIME,DKK per præsteret time,Danmarks Statistik,LONS11,https://www.statistikbanken.dk/LONS11
H6039,2024,436.25,FORTJENESTE PR. PRÆSTERET TIME,DKK per præsteret time,Danmarks Statistik,LONS11,https://www.statistikbanken.dk/LONS11
H6059,2019,270.12,FORTJENESTE PR. PRÆSTERET TIME,DKK per præsteret time,Danmarks Statistik,LONS11,https://www.statistikbanken.dk/LONS11
H6059,2020,279.82,FORTJENESTE PR. PRÆSTERET TIME,DKK per præsteret time,Danmarks Statistik,LONS11,https://www.statistikbanken.dk/LONS11
H6059,2021,285.11,FORTJENESTE PR. PRÆSTERET TIME,DKK per præsteret time,Danmarks Statistik,LONS11,https://www.statistikbanken.dk/LONS11
H6059,2022,298.26,FORTJENESTE PR. PRÆSTERET TIME,DKK per præsteret time,Danmarks Statistik,LONS11,https://www.statistikbanken.dk/LONS11
H6059,2023,314.44,FORTJENESTE PR. PRÆSTERET TIME,DKK per præsteret time,Danmarks Statistik,LONS11,https://www.statistikbanken.dk/LONS11
H6059,2024,327.61,FORTJENESTE PR. PRÆSTERET TIME,DKK per præsteret time,Danmarks Statistik,LONS11,https://www.statistikbanken.dk/LONS11
H6075,2019,347.77,FORTJENESTE PR. PRÆSTERET TIME,DKK per præsteret time,Danmarks Statistik,LONS11,https://www.statistikbanken.dk/LONS11
H6075,2020,342.87,FORTJENESTE PR. PRÆSTERET TIME,DKK per præsteret time,Danmarks Statistik,LONS11,https://www.statistikbanken.dk/LONS11
H6075,2021,322.05,FORTJENESTE PR. PRÆSTERET TIME,DKK per præsteret time,Danmarks Statistik,LONS11,https://www.statistikbanken.dk/LONS11
H6075,2022,339.04,FORTJENESTE PR. PRÆSTERET TIME,DKK per præsteret time,Danmarks Statistik,LONS11,https://www.statistikbanken.dk/LONS11
H6075,2023,362.07,FORTJENESTE PR. PRÆSTERET TIME,DKK per præsteret time,Danmarks Statistik,LONS11,https://www.statistikbanken.dk/LONS11
H6075,2024,370.35,FORTJENESTE PR. PRÆSTERET TIME,DKK per præsteret time,Danmarks Statistik,LONS11,https://www.statistikbanken.dk/LONS11
H6080,2019,283.40,FORTJENESTE PR. PRÆSTERET TIME,DKK per præsteret time,Danmarks Statistik,LONS11,https://www.statistikbanken.dk/LONS11
H6080,2020,287.85,FORTJENESTE PR. PRÆSTERET TIME,DKK per præsteret time,Danmarks Statistik,LONS11,https://www.statistikbanken.dk/LONS11
H6080,2021,294.68,FORTJENESTE PR. PRÆSTERET TIME,DKK per præsteret time,Danmarks Statistik,LONS11,https://www.statistikbanken.dk/LONS11
H6080,2022,304.43,FORTJENESTE PR. PRÆSTERET TIME,DKK per præsteret time,Danmarks Statistik,LONS11,https://www.statistikbanken.dk/LONS11
H6080,2023,319.88,FORTJENESTE PR. PRÆSTERET TIME,DKK per præsteret time,Danmarks Statistik,LONS11,https://www.statistikbanken.dk/LONS11
H6080,2024,328.69,FORTJENESTE PR. PRÆSTERET TIME,DKK per præsteret time,Danmarks Statistik,LONS11,https://www.statistikbanken.dk/LONS11
H6090,2019,238.38,FORTJENESTE PR. PRÆSTERET TIME,DKK per præsteret time,Danmarks Statistik,LONS11,https://www.statistikbanken.dk/LONS11
H6090,2020,260.43,FORTJENESTE PR. PRÆSTERET TIME,DKK per præsteret time,Danmarks Statistik,LONS11,https://www.statistikbanken.dk/LONS11
H6090,2021,257.39,FORTJENESTE PR. PRÆSTERET TIME,DKK per præsteret time,Danmarks Statistik,LONS11,https://www.statistikbanken.dk/LONS11
H6090,2022,263.54,FORTJENESTE PR. PRÆSTERET TIME,DKK per præsteret time,Danmarks Statistik,LONS11,https://www.statistikbanken.dk/LONS11
H6090,2023,263.73,FORTJENESTE PR. PRÆSTERET TIME,DKK per præsteret time,Danmarks Statistik,LONS11,https://www.statistikbanken.dk/LONS11
H6090,2024,277.51,FORTJENESTE PR. PRÆSTERET TIME,DKK per præsteret time,Danmarks Statistik,LONS11,https://www.statistikbanken.dk/LONS11
H6097,2019,243.27,FORTJENESTE PR. PRÆSTERET TIME,DKK per præsteret time,Danmarks Statistik,LONS11,https://www.statistikbanken.dk/LONS11
H6097,2020,258.73,FORTJENESTE PR. PRÆSTERET TIME,DKK per præsteret time,Danmarks Statistik,LONS11,https://www.statistikbanken.dk/LONS11
H6097,2021,262.99,FORTJENESTE PR. PRÆSTERET TIME,DKK per præsteret time,Danmarks Statistik,LONS11,https://www.statistikbanken.dk/LONS11
H6097,2022,268.95,FORTJENESTE PR. PRÆSTERET TIME,DKK per præsteret time,Danmarks Statistik,LONS11,https://www.statistikbanken.dk/LONS11
H6097,2023,307.65,FORTJENESTE PR. PRÆSTERET TIME,DKK per præsteret time,Danmarks Statistik,LONS11,https://www.statistikbanken.dk/LONS11
H6097,2024,342.83,FORTJENESTE PR. PRÆSTERET TIME,DKK per præsteret time,Danmarks Statistik,LONS11,https://www.statistikbanken.dk/LONS11
H70,2019,429.63,FORTJENESTE PR. PRÆSTERET TIME,DKK per præsteret time,Danmarks Statistik,LONS11,https://www.statistikbanken.dk/LONS11
H70,2020,436.20,FORTJENESTE PR. PRÆSTERET TIME,DKK per præsteret time,Danmarks Statistik,LONS11,https://www.statistikbanken.dk/LONS11
H70,2021,439.36,FORTJENESTE PR. PRÆSTERET TIME,DKK per præsteret time,Danmarks Statistik,LONS11,https://www.statistikbanken.dk/LONS11
H70,2022,452.47,FORTJENESTE PR. PRÆSTERET TIME,DKK per præsteret time,Danmarks Statistik,LONS11,https://www.statistikbanken.dk/LONS11
H70,2023,469.54,FORTJENESTE PR. PRÆSTERET TIME,DKK per præsteret time,Danmarks Statistik,LONS11,https://www.statistikbanken.dk/LONS11
H70,2024,491.88,FORTJENESTE PR. PRÆSTERET TIME,DKK per præsteret time,Danmarks Statistik,LONS11,https://www.statistikbanken.dk/LONS11
H7020,2019,361.47,FORTJENESTE PR. PRÆSTERET TIME,DKK per præsteret time,Danmarks Statistik,LONS11,https://www.statistikbanken.dk/LONS11
H7020,2020,370.43,FORTJENESTE PR. PRÆSTERET TIME,DKK per præsteret time,Danmarks Statistik,LONS11,https://www.statistikbanken.dk/LONS11
H7020,2021,373.90,FORTJENESTE PR. PRÆSTERET TIME,DKK per præsteret time,Danmarks Statistik,LONS11,https://www.statistikbanken.dk/LONS11
H7020,2022,386.83,FORTJENESTE PR. PRÆSTERET TIME,DKK per præsteret time,Danmarks Statistik,LONS11,https://www.statistikbanken.dk/LONS11
H7020,2023,397.73,FORTJENESTE PR. PRÆSTERET TIME,DKK per præsteret time,Danmarks Statistik,LONS11,https://www.statistikbanken.dk/LONS11
H7020,2024,416.23,FORTJENESTE PR. PRÆSTERET TIME,DKK per præsteret time,Danmarks Statistik,LONS11,https://www.statistikbanken.dk/LONS11
H7025,2019,361.30,FORTJENESTE PR. PRÆSTERET TIME,DKK per præsteret time,Danmarks Statistik,LONS11,https://www.statistikbanken.dk/LONS11
H7025,2020,366.22,FORTJENESTE PR. PRÆSTERET TIME,DKK per præsteret time,Danmarks Statistik,LONS11,https://www.statistikbanken.dk/LONS11
H7025,2021,368.97,FORTJENESTE PR. PRÆSTERET TIME,DKK per præsteret time,Danmarks Statistik,LONS11,https://www.statistikbanken.dk/LONS11
H7025,2022,380.01,FORTJENESTE PR. PRÆSTERET TIME,DKK per præsteret time,Danmarks Statistik,LONS11,https://www.statistikbanken.dk/LONS11
H7025,2023,394.11,FORTJENESTE PR. PRÆSTERET TIME,DKK per præsteret time,Danmarks Statistik,LONS11,https://www.statistikbanken.dk/LONS11
H7025,2024,415.60,FORTJENESTE PR. PRÆSTERET TIME,DKK per præsteret time,Danmarks Statistik,LONS11,https://www.statistikbanken.dk/LONS11
H7030,2019,369.27,FORTJENESTE PR. PRÆSTERET TIME,DKK per præsteret time,Danmarks Statistik,LONS11,https://www.statistikbanken.dk/LONS11
H7030,2020,376.20,FORTJENESTE PR. PRÆSTERET TIME,DKK per præsteret time,Danmarks Statistik,LONS11,https://www.statistikbanken.dk/LONS11
H7030,2021,376.97,FORTJENESTE PR. PRÆSTERET TIME,DKK per præsteret time,Danmarks Statistik,LONS11,https://www.statistikbanken.dk/LONS11
H7030,2022,385.73,FORTJENESTE PR. PRÆSTERET TIME,DKK per præsteret time,Danmarks Statistik,LONS11,https://www.statistikbanken.dk/LONS11
H7030,2023,402.05,FORTJENESTE PR. PRÆSTERET TIME,DKK per præsteret time,Danmarks Statistik,LONS11,https://www.statistikbanken.dk/LONS11
H7030,2024,420.15,FORTJENESTE PR. PRÆSTERET TIME,DKK per præsteret time,Danmarks Statistik,LONS11,https://www.statistikbanken.dk/LONS11
H7035,2019,413.50,FORTJENESTE PR. PRÆSTERET TIME,DKK per præsteret time,Danmarks Statistik,LONS11,https://www.statistikbanken.dk/LONS11
H7035,2020,416.71,FORTJENESTE PR. PRÆSTERET TIME,DKK per præsteret time,Danmarks Statistik,LONS11,https://www.statistikbanken.dk/LONS11
H7035,2021,418.15,FORTJENESTE PR. PRÆSTERET TIME,DKK per præsteret time,Danmarks Statistik,LONS11,https://www.statistikbanken.dk/LONS11
H7035,2022,430.37,FORTJENESTE PR. PRÆSTERET TIME,DKK per præsteret time,Danmarks Statistik,LONS11,https://www.statistikbanken.dk/LONS11
H7035,2023,447.03,FORTJENESTE PR. PRÆSTERET TIME,DKK per præsteret time,Danmarks Statistik,LONS11,https://www.statistikbanken.dk/LONS11
H7035,2024,469.50,FORTJENESTE PR. PRÆSTERET TIME,DKK per præsteret time,Danmarks Statistik,LONS11,https://www.statistikbanken.dk/LONS11
H7039,2019,464.30,FORTJENESTE PR. PRÆSTERET TIME,DKK per præsteret time,Danmarks Statistik,LONS11,https://www.statistikbanken.dk/LONS11
H7039,2020,468.82,FORTJENESTE PR. PRÆSTERET TIME,DKK per præsteret time,Danmarks Statistik,LONS11,https://www.statistikbanken.dk/LONS11
H7039,2021,475.01,FORTJENESTE PR. PRÆSTERET TIME,DKK per præsteret time,Danmarks Statistik,LONS11,https://www.statistikbanken.dk/LONS11
H7039,2022,488.70,FORTJENESTE PR. PRÆSTERET TIME,DKK per præsteret time,Danmarks Statistik,LONS11,https://www.statistikbanken.dk/LONS11
H7039,2023,508.54,FORTJENESTE PR. PRÆSTERET TIME,DKK per præsteret time,Danmarks Statistik,LONS11,https://www.statistikbanken.dk/LONS11
H7039,2024,532.01,FORTJENESTE PR. PRÆSTERET TIME,DKK per præsteret time,Danmarks Statistik,LONS11,https://www.statistikbanken.dk/LONS11
H7059,2019,450.14,FORTJENESTE PR. PRÆSTERET TIME,DKK per præsteret time,Danmarks Statistik,LONS11,https://www.statistikbanken.dk/LONS11
H7059,2020,451.69,FORTJENESTE PR. PRÆSTERET TIME,DKK per præsteret time,Danmarks Statistik,LONS11,https://www.statistikbanken.dk/LONS11
H7059,2021,456.05,FORTJENESTE PR. PRÆSTERET TIME,DKK per præsteret time,Danmarks Statistik,LONS11,https://www.statistikbanken.dk/LONS11
H7059,2022,468.51,FORTJENESTE PR. PRÆSTERET TIME,DKK per præsteret time,Danmarks Statistik,LONS11,https://www.statistikbanken.dk/LONS11
H7059,2023,488.73,FORTJENESTE PR. PRÆSTERET TIME,DKK per præsteret time,Danmarks Statistik,LONS11,https://www.statistikbanken.dk/LONS11
H7059,2024,511.23,FORTJENESTE PR. PRÆSTERET TIME,DKK per præsteret time,Danmarks Statistik,LONS11,https://www.statistikbanken.dk/LONS11
H7075,2019,459.40,FORTJENESTE PR. PRÆSTERET TIME,DKK per præsteret time,Danmarks Statistik,LONS11,https://www.statistikbanken.dk/LONS11
H7075,2020,453.79,FORTJENESTE PR. PRÆSTERET TIME,DKK per præsteret time,Danmarks Statistik,LONS11,https://www.statistikbanken.dk/LONS11
H7075,2021,454.30,FORTJENESTE PR. PRÆSTERET TIME,DKK per præsteret time,Danmarks Statistik,LONS11,https://www.statistikbanken.dk/LONS11
H7075,2022,469.41,FORTJENESTE PR. PRÆSTERET TIME,DKK per præsteret time,Danmarks Statistik,LONS11,https://www.statistikbanken.dk/LONS11
H7075,2023,485.18,FORTJENESTE PR. PRÆSTERET TIME,DKK per præsteret time,Danmarks Statistik,LONS11,https://www.statistikbanken.dk/LONS11
H7075,2024,506.44,FORTJENESTE PR. PRÆSTERET TIME,DKK per præsteret time,Danmarks Statistik,LONS11,https://www.statistikbanken.dk/LONS11
H7080,2019,412.96,FORTJENESTE PR. PRÆSTERET TIME,DKK per præsteret time,Danmarks Statistik,LONS11,https://www.statistikbanken.dk/LONS11
H7080,2020,420.18,FORTJENESTE PR. PRÆSTERET TIME,DKK per præsteret time,Danmarks Statistik,LONS11,https://www.statistikbanken.dk/LONS11
H7080,2021,424.37,FORTJENESTE PR. PRÆSTERET TIME,DKK per præsteret time,Danmarks Statistik,LONS11,https://www.statistikbanken.dk/LONS11
H7080,2022,436.65,FORTJENESTE PR. PRÆSTERET TIME,DKK per præsteret time,Danmarks Statistik,LONS11,https://www.statistikbanken.dk/LONS11
H7080,2023,447.18,FORTJENESTE PR. PRÆSTERET TIME,DKK per præsteret time,Danmarks Statistik,LONS11,https://www.statistikbanken.dk/LONS11
H7080,2024,465.67,FORTJENESTE PR. PRÆSTERET TIME,DKK per præsteret time,Danmarks Statistik,LONS11,https://www.statistikbanken.dk/LONS11
H7090,2019,488.36,FORTJENESTE PR. PRÆSTERET TIME,DKK per præsteret time,Danmarks Statistik,LONS11,https://www.statistikbanken.dk/LONS11
H7090,2020,505.73,FORTJENESTE PR. PRÆSTERET TIME,DKK per præsteret time,Danmarks Statistik,LONS11,https://www.statistikbanken.dk/LONS11
H7090,2021,496.30,FORTJENESTE PR. PRÆSTERET TIME,DKK per præsteret time,Danmarks Statistik,LONS11,https://www.statistikbanken.dk/LONS11
H7090,2022,516.69,FORTJENESTE PR. PRÆSTERET TIME,DKK per præsteret time,Danmarks Statistik,LONS11,https://www.statistikbanken.dk/LONS11
H7090,2023,525.60,FORTJENESTE PR. PRÆSTERET TIME,DKK per præsteret time,Danmarks Statistik,LONS11,https://www.statistikbanken.dk/LONS11
H7090,2024,541.94,FORTJENESTE PR. PRÆSTERET TIME,DKK per præsteret time,Danmarks Statistik,LONS11,https://www.statistikbanken.dk/LONS11
H7095,2019,513.44,FORTJENESTE PR. PRÆSTERET TIME,DKK per præsteret time,Danmarks Statistik,LONS11,https://www.statistikbanken.dk/LONS11
H7095,2020,516.71,FORTJENESTE PR. PRÆSTERET TIME,DKK per præsteret time,Danmarks Statistik,LONS11,https://www.statistikbanken.dk/LONS11
H7095,2021,518.02,FORTJENESTE PR. PRÆSTERET TIME,DKK per præsteret time,Danmarks Statistik,LONS11,https://www.statistikbanken.dk/LONS11
H7095,2022,549.71,FORTJENESTE PR. PRÆSTERET TIME,DKK per præsteret time,Danmarks Statistik,LONS11,https://www.statistikbanken.dk/LONS11
H7095,2023,570.15,FORTJENESTE PR. PRÆSTERET TIME,DKK per præsteret time,Danmarks Statistik,LONS11,https://www.statistikbanken.dk/LONS11
H7095,2024,602.58,FORTJENESTE PR. PRÆSTERET TIME,DKK per præsteret time,Danmarks Statistik,LONS11,https://www.statistikbanken.dk/LONS11
H7097,2019,366.48,FORTJENESTE PR. PRÆSTERET TIME,DKK per præsteret time,Danmarks Statistik,LONS11,https://www.statistikbanken.dk/LONS11
H7097,2020,383.04,FORTJENESTE PR. PRÆSTERET TIME,DKK per præsteret time,Danmarks Statistik,LONS11,https://www.statistikbanken.dk/LONS11
H7097,2021,387.76,FORTJENESTE PR. PRÆSTERET TIME,DKK per præsteret time,Danmarks Statistik,LONS11,https://www.statistikbanken.dk/LONS11
H7097,2022,401.19,FORTJENESTE PR. PRÆSTERET TIME,DKK per præsteret time,Danmarks Statistik,LONS11,https://www.statistikbanken.dk/LONS11
H7097,2023,419.75,FORTJENESTE PR. PRÆSTERET TIME,DKK per præsteret time,Danmarks Statistik,LONS11,https://www.statistikbanken.dk/LONS11
H7097,2024,448.73,FORTJENESTE PR. PRÆSTERET TIME,DKK per præsteret time,Danmarks Statistik,LONS11,https://www.statistikbanken.dk/LONS11
H80,2019,469.09,FORTJENESTE PR. PRÆSTERET TIME,DKK per præsteret time,Danmarks Statistik,LONS11,https://www.statistikbanken.dk/LONS11
H80,2020,480.01,FORTJENESTE PR. PRÆSTERET TIME,DKK per præsteret time,Danmarks Statistik,LONS11,https://www.statistikbanken.dk/LONS11
H80,2021,484.26,FORTJENESTE PR. PRÆSTERET TIME,DKK per præsteret time,Danmarks Statistik,LONS11,https://www.statistikbanken.dk/LONS11
H80,2022,501.87,FORTJENESTE PR. PRÆSTERET TIME,DKK per præsteret time,Danmarks Statistik,LONS11,https://www.statistikbanken.dk/LONS11
H80,2023,518.81,FORTJENESTE PR. PRÆSTERET TIME,DKK per præsteret time,Danmarks Statistik,LONS11,https://www.statistikbanken.dk/LONS11
H80,2024,543.48,FORTJENESTE PR. PRÆSTERET TIME,DKK per præsteret time,Danmarks Statistik,LONS11,https://www.statistikbanken.dk/LONS11
H8025,2019,405.36,FORTJENESTE PR. PRÆSTERET TIME,DKK per præsteret time,Danmarks Statistik,LONS11,https://www.statistikbanken.dk/LONS11
H8025,2020,413.06,FORTJENESTE PR. PRÆSTERET TIME,DKK per præsteret time,Danmarks Statistik,LONS11,https://www.statistikbanken.dk/LONS11
H8025,2021,415.86,FORTJENESTE PR. PRÆSTERET TIME,DKK per præsteret time,Danmarks Statistik,LONS11,https://www.statistikbanken.dk/LONS11
H8025,2022,431.30,FORTJENESTE PR. PRÆSTERET TIME,DKK per præsteret time,Danmarks Statistik,LONS11,https://www.statistikbanken.dk/LONS11
H8025,2023,436.64,FORTJENESTE PR. PRÆSTERET TIME,DKK per præsteret time,Danmarks Statistik,LONS11,https://www.statistikbanken.dk/LONS11
H8025,2024,460.16,FORTJENESTE PR. PRÆSTERET TIME,DKK per præsteret time,Danmarks Statistik,LONS11,https://www.statistikbanken.dk/LONS11
H8030,2019,336.09,FORTJENESTE PR. PRÆSTERET TIME,DKK per præsteret time,Danmarks Statistik,LONS11,https://www.statistikbanken.dk/LONS11
H8030,2020,343.90,FORTJENESTE PR. PRÆSTERET TIME,DKK per præsteret time,Danmarks Statistik,LONS11,https://www.statistikbanken.dk/LONS11
H8030,2021,341.99,FORTJENESTE PR. PRÆSTERET TIME,DKK per præsteret time,Danmarks Statistik,LONS11,https://www.statistikbanken.dk/LONS11
H8030,2022,348.67,FORTJENESTE PR. PRÆSTERET TIME,DKK per præsteret time,Danmarks Statistik,LONS11,https://www.statistikbanken.dk/LONS11
H8030,2023,355.41,FORTJENESTE PR. PRÆSTERET TIME,DKK per præsteret time,Danmarks Statistik,LONS11,https://www.statistikbanken.dk/LONS11
H8030,2024,372.89,FORTJENESTE PR. PRÆSTERET TIME,DKK per præsteret time,Danmarks Statistik,LONS11,https://www.statistikbanken.dk/LONS11
H8035,2019,463.47,FORTJENESTE PR. PRÆSTERET TIME,DKK per præsteret time,Danmarks Statistik,LONS11,https://www.statistikbanken.dk/LONS11
H8035,2020,470.91,FORTJENESTE PR. PRÆSTERET TIME,DKK per præsteret time,Danmarks Statistik,LONS11,https://www.statistikbanken.dk/LONS11
H8035,2021,478.18,FORTJENESTE PR. PRÆSTERET TIME,DKK per præsteret time,Danmarks Statistik,LONS11,https://www.statistikbanken.dk/LONS11
H8035,2022,500.27,FORTJENESTE PR. PRÆSTERET TIME,DKK per præsteret time,Danmarks Statistik,LONS11,https://www.statistikbanken.dk/LONS11
H8035,2023,520.83,FORTJENESTE PR. PRÆSTERET TIME,DKK per præsteret time,Danmarks Statistik,LONS11,https://www.statistikbanken.dk/LONS11
H8035,2024,545.73,FORTJENESTE PR. PRÆSTERET TIME,DKK per præsteret time,Danmarks Statistik,LONS11,https://www.statistikbanken.dk/LONS11
H8039,2019,473.12,FORTJENESTE PR. PRÆSTERET TIME,DKK per præsteret time,Danmarks Statistik,LONS11,https://www.statistikbanken.dk/LONS11
H8039,2020,482.68,FORTJENESTE PR. PRÆSTERET TIME,DKK per præsteret time,Danmarks Statistik,LONS11,https://www.statistikbanken.dk/LONS11
H8039,2021,486.65,FORTJENESTE PR. PRÆSTERET TIME,DKK per præsteret time,Danmarks Statistik,LONS11,https://www.statistikbanken.dk/LONS11
H8039,2022,501.74,FORTJENESTE PR. PRÆSTERET TIME,DKK per præsteret time,Danmarks Statistik,LONS11,https://www.statistikbanken.dk/LONS11
H8039,2023,511.53,FORTJENESTE PR. PRÆSTERET TIME,DKK per præsteret time,Danmarks Statistik,LONS11,https://www.statistikbanken.dk/LONS11
H8039,2024,537.50,FORTJENESTE PR. PRÆSTERET TIME,DKK per præsteret time,Danmarks Statistik,LONS11,https://www.statistikbanken.dk/LONS11
H8059,2019,487.26,FORTJENESTE PR. PRÆSTERET TIME,DKK per præsteret time,Danmarks Statistik,LONS11,https://www.statistikbanken.dk/LONS11
H8059,2020,492.10,FORTJENESTE PR. PRÆSTERET TIME,DKK per præsteret time,Danmarks Statistik,LONS11,https://www.statistikbanken.dk/LONS11
H8059,2021,499.19,FORTJENESTE PR. PRÆSTERET TIME,DKK per præsteret time,Danmarks Statistik,LONS11,https://www.statistikbanken.dk/LONS11
H8059,2022,517.87,FORTJENESTE PR. PRÆSTERET TIME,DKK per præsteret time,Danmarks Statistik,LONS11,https://www.statistikbanken.dk/LONS11
H8059,2023,542.79,FORTJENESTE PR. PRÆSTERET TIME,DKK per præsteret time,Danmarks Statistik,LONS11,https://www.statistikbanken.dk/LONS11
H8059,2024,570.25,FORTJENESTE PR. PRÆSTERET TIME,DKK per præsteret time,Danmarks Statistik,LONS11,https://www.statistikbanken.dk/LONS11
H8080,2019,458.20,FORTJENESTE PR. PRÆSTERET TIME,DKK per præsteret time,Danmarks Statistik,LONS11,https://www.statistikbanken.dk/LONS11
H8080,2020,465.52,FORTJENESTE PR. PRÆSTERET TIME,DKK per præsteret time,Danmarks Statistik,LONS11,https://www.statistikbanken.dk/LONS11
H8080,2021,477.02,FORTJENESTE PR. PRÆSTERET TIME,DKK per præsteret time,Danmarks Statistik,LONS11,https://www.statistikbanken.dk/LONS11
H8080,2022,494.45,FORTJENESTE PR. PRÆSTERET TIME,DKK per præsteret time,Danmarks Statistik,LONS11,https://www.statistikbanken.dk/LONS11
H8080,2023,515.01,FORTJENESTE PR. PRÆSTERET TIME,DKK per præsteret time,Danmarks Statistik,LONS11,https://www.statistikbanken.dk/LONS11
H8080,2024,542.70,FORTJENESTE PR. PRÆSTERET TIME,DKK per præsteret time,Danmarks Statistik,LONS11,https://www.statistikbanken.dk/LONS11
H8090,2019,532.90,FORTJENESTE PR. PRÆSTERET TIME,DKK per præsteret time,Danmarks Statistik,LONS11,https://www.statistikbanken.dk/LONS11
H8090,2020,551.74,FORTJENESTE PR. PRÆSTERET TIME,DKK per præsteret time,Danmarks Statistik,LONS11,https://www.statistikbanken.dk/LONS11
H8090,2021,551.58,FORTJENESTE PR. PRÆSTERET TIME,DKK per præsteret time,Danmarks Statistik,LONS11,https://www.statistikbanken.dk/LONS11
H8090,2022,575.98,FORTJENESTE PR. PRÆSTERET TIME,DKK per præsteret time,Danmarks Statistik,LONS11,https://www.statistikbanken.dk/LONS11
H8090,2023,591.66,FORTJENESTE PR. PRÆSTERET TIME,DKK per præsteret time,Danmarks Statistik,LONS11,https://www.statistikbanken.dk/LONS11
H8090,2024,615.34,FORTJENESTE PR. PRÆSTERET TIME,DKK per præsteret time,Danmarks Statistik,LONS11,https://www.statistikbanken.dk/LONS11
H8097,2019,403.31,FORTJENESTE PR. PRÆSTERET TIME,DKK per præsteret time,Danmarks Statistik,LONS11,https://www.statistikbanken.dk/LONS11
H8097,2020,413.72,FORTJENESTE PR. PRÆSTERET TIME,DKK per præsteret time,Danmarks Statistik,LONS11,https://www.statistikbanken.dk/LONS11
H8097,2021,418.52,FORTJENESTE PR. PRÆSTERET TIME,DKK per præsteret time,Danmarks Statistik,LONS11,https://www.statistikbanken.dk/LONS11
H8097,2022,430.06,FORTJENESTE PR. PRÆSTERET TIME,DKK per præsteret time,Danmarks Statistik,LONS11,https://www.statistikbanken.dk/LONS11
H8097,2023,447.26,FORTJENESTE PR. PRÆSTERET TIME,DKK per præsteret time,Danmarks Statistik,LONS11,https://www.statistikbanken.dk/LONS11
H8097,2024,471.88,FORTJENESTE PR. PRÆSTERET TIME,DKK per præsteret time,Danmarks Statistik,LONS11,https://www.statistikbanken.dk/LONS11
H90,2019,304.09,FORTJENESTE PR. PRÆSTERET TIME,DKK per præsteret time,Danmarks Statistik,LONS11,https://www.statistikbanken.dk/LONS11
H90,2020,309.76,FORTJENESTE PR. PRÆSTERET TIME,DKK per præsteret time,Danmarks Statistik,LONS11,https://www.statistikbanken.dk/LONS11
H90,2021,310.76,FORTJENESTE PR. PRÆSTERET TIME,DKK per præsteret time,Danmarks Statistik,LONS11,https://www.statistikbanken.dk/LONS11
H90,2022,320.04,FORTJENESTE PR. PRÆSTERET TIME,DKK per præsteret time,Danmarks Statistik,LONS11,https://www.statistikbanken.dk/LONS11
H90,2023,339.45,FORTJENESTE PR. PRÆSTERET TIME,DKK per præsteret time,Danmarks Statistik,LONS11,https://www.statistikbanken.dk/LONS11
H90,2024,358.61,FORTJENESTE PR. PRÆSTERET TIME,DKK per præsteret time,Danmarks Statistik,LONS11,https://www.statistikbanken.dk/LONS11
H9099,2019,284.07,FORTJENESTE PR. PRÆSTERET TIME,DKK per præsteret time,Danmarks Statistik,LONS11,https://www.statistikbanken.dk/LONS11
H9099,2020,289.18,FORTJENESTE PR. PRÆSTERET TIME,DKK per præsteret time,Danmarks Statistik,LONS11,https://www.statistikbanken.dk/LONS11
H9099,2021,290.86,FORTJENESTE PR. PRÆSTERET TIME,DKK per præsteret time,Danmarks Statistik,LONS11,https://www.statistikbanken.dk/LONS11
H9099,2022,300.23,FORTJENESTE PR. PRÆSTERET TIME,DKK per præsteret time,Danmarks Statistik,LONS11,https://www.statistikbanken.dk/LONS11
H9099,2023,316.06,FORTJENESTE PR. PRÆSTERET TIME,DKK per præsteret time,Danmarks Statistik,LONS11,https://www.statistikbanken.dk/LONS11
H9099,2024,335.03,FORTJENESTE PR. PRÆSTERET TIME,DKK per præsteret time,Danmarks Statistik,LONS11,https://www.statistikbanken.dk/LONS11
